Ref,Test,MOS,p563,polqa
R_03_ECHO_ML.wav,C_03_ECHO_ML.wav,4.5,3.300488,4.7497
R_11_ECHO_MK.wav,C_11_ECHO_MK.wav,3.5,3.144342,3.0848
R_13_ECHO_FA.wav,C_13_ECHO_FA.wav,2.5,3.001977,2.3985
R_16_ECHO_FA.wav,C_16_ECHO_FA.wav,1.5,2.248704,2.7717
R_02_CHOP_FA.wav,C_02_CHOP_FA.wav,4.5,2.809434,4.7497
R_09_CHOP_ML.wav,C_09_CHOP_ML.wav,3.5,3.487644,3.5388
R_19_CHOP_MK.wav,C_19_CHOP_MK.wav,2.5,2.848288,2.3639
R_20_CHOP_MK.wav,C_20_CHOP_MK.wav,1.9,3.709837,2.0934
R_01_CLIP_ML.wav,C_01_CLIP_ML.wav,4.5,3.705476,4.7497
R_07_CLIP_FA.wav,C_07_CLIP_FA.wav,3.5,2.881423,2.4449
R_08_CLIP_FA.wav,C_08_CLIP_FA.wav,2.7,3.433392,1.631
R_10_CLIP_FA.wav,C_10_CLIP_FA.wav,1.5,2.726428,1.6892